Ledger date,Value date,User,Record,Event,Ope,Description,Debit,Credit
2018-10-03,2018-10-03,SOUM,VM001834318,055048,092,SALARY SEPT 2018,,"100,000"
2018-10-04,2018-10-04,AUTO,SB069994243,994243,969,WITHDRWAL CHARGES Ref No: 9942,200,
2018-10-04,2018-10-04,AUTO,,994243,660,BKAD0006 Auth:000001 CUSTOMER,"20,000",
2018-10-08,2018-10-08,AIF,VS110225502,225502,674,MTN RWANDACELL LTD,"1,000",
2018-10-08,2018-10-08,AIF,VS110225497,225497,674,MTN RWANDACELL LTD,"2,000",
2018-10-10,2018-10-10,AUTO,SB06919274,19274,969,WITHDRWAL CHARGES Ref No: 1927,200,
2018-10-10,2018-10-10,AUTO,SB06919835,19835,969,WITHDRWAL CHARGES Ref No: 1983,200,
2018-10-10,2018-10-10,AUTO,,19274,660,BKAD0077 Auth:000002 CUSTOMER,"30,000",
2018-10-10,2018-10-10,AUTO,,19835,660,BKAD0077 Auth:000003 CUSTOMER,"20,000",
2018-10-15,2018-10-15,AIF,VS110243630,243630,674,MTN RWANDACELL LTD,"1,500",
2018-10-15,2018-10-15,AIF,VS110241833,241833,674,MTN RWANDACELL LTD,"5,500",
2018-10-15,2018-10-15,AIF,VS110244429,244429,674,MTN RWANDACELL LTD,"5,500",
2018-10-22,2018-10-22,AIF,VS110255448,255448,674,MTN RWANDACELL LTD,"2,000",
2018-10-22,2018-10-22,AIF,VS110257128,257128,674,MTN RWANDACELL LTD,"2,000",
2018-10-22,2018-10-22,AIF,VS110255403,255403,674,MTN RWANDACELL LTD,"3,000",
2018-10-22,2018-10-22,AIF,VS110258393,258393,674,MTN RWANDACELL LTD,"5,000",
2018-10-29,2018-10-29,AIF,VS110273020,273020,674,MTN RWANDACELL LTD,"2,500",
2018-10-31,2018-10-31,AUTO,SB069113127,113127,969,WITHDRWAL CHARGES Ref No: 1131,200,
2018-10-31,2018-10-31,SOUM,VM001842935,125577,092,SALARY/OCTOBER/2018,,"100,000"
2018-10-31,2018-10-31,AIF,VS110282456,282456,674,MTN RWANDACELL LTD,"1,000",
2018-10-31,2018-10-31,AUTO,,113127,660,BKAD0037 Auth:000004 CUSTOMER,"20,000",
2018-11-02,2018-11-02,AIF,VS110286094,286094,674,MTN RWANDACELL LTD,"5,000",
2018-11-05,2018-11-05,AUTO,SB069130947,130947,969,WITHDRWAL CHARGES Ref No: 1309,200,
2018-11-05,2018-11-05,AUTO,,130947,660,BKAD0006 Auth:000005 CUSTOMER,"20,000",
2018-11-05,2018-11-05,AIF,VS110292202,292202,674,MTN RWANDACELL LTD,"10,000",
2018-11-07,2018-11-07,AIF,VS110300666,300666,674,MTN RWANDACELL LTD,"1,000",
2018-11-08,2018-11-08,AUTO,SB069148927,148927,969,WITHDRWAL CHARGES Ref No: 1489,200,
2018-11-08,2018-11-08,AUTO,,148927,660,BKAD0085 Auth:000006 CUSTOMER,"10,000",
2018-11-12,2018-11-12,AIF,VS110310722,310722,674,MTN RWANDACELL LTD,"1,000",
2018-11-12,2018-11-12,AIF,VS110312943,312943,674,MTN RWANDACELL LTD,"1,500",
2018-11-13,2018-11-13,AIF,VS110313555,313555,674,MTN RWANDACELL LTD,"5,000",
2018-11-14,2018-11-14,AUTO,SB069179207,179207,969,WITHDRWAL CHARGES Ref No: 1792,200,
2018-11-14,2018-11-14,AIF,VS110317050,317050,674,MTN RWANDACELL LTD,"1,000",
2018-11-14,2018-11-14,AUTO,,179207,660,BKAD0037 Auth:000007 CUSTOMER,"15,000",
2018-11-19,2018-11-19,AIF,VS110324621,324621,674,MTN RWANDACELL LTD,"1,000",
2018-11-19,2018-11-20,OBUS,VE002441206,441206,009,SELF DEPOSIT,,"87,000"
2018-11-19,2018-11-19,AUTO,,138700,661,00000001 Auth:000008 CUSTOMER,"3,600",
2018-11-20,2018-11-20,AIF,VS110329195,329195,674,CHARGES MTN_PULL,200,
2018-11-20,2018-11-20,AIF,VS110328709,328709,674,CHARGES MTN_PULL,200,
2018-11-20,2018-11-20,AIF,VS110329004,329004,674,CHARGES MTN_PULL,200,
2018-11-20,2018-11-20,AIF,VS110329195,329195,674,MTN RWANDACELL LTD,"2,000",
2018-11-20,2018-11-20,AIF,VS110328709,328709,674,MTN RWANDACELL LTD,"8,000",
2018-11-20,2018-11-20,AIF,VS110329004,329004,674,MTN RWANDACELL LTD,"6,000",
2018-11-26,2018-11-26,AIF,VS110334391,334391,674,CHARGES MTN_PULL,200,
2018-11-26,2018-11-26,AIF,VS110337630,337630,674,CHARGES MTN_PULL,200,
2018-11-26,2018-11-26,AIF,VS110336257,336257,674,MTN RWANDACELL LTD,"10,000",
2018-11-26,2018-11-26,AIF,VS110336257,336257,674,CHARGES MTN_PULL,200,
2018-11-26,2018-11-26,AIF,VS110335496,335496,674,CHARGES MTN_PULL,200,
2018-11-26,2018-11-26,AUTO,SB069229418,229418,969,WITHDRWAL CHARGES Ref No: 2294,200,
2018-11-26,2018-11-26,AIF,VS110337630,337630,674,MTN RWANDACELL LTD,"1,000",
2018-11-26,2018-11-26,AIF,VS110334391,334391,674,MTN RWANDACELL LTD,"2,000",
2018-11-26,2018-11-26,AIF,VS110335496,335496,674,MTN RWANDACELL LTD,"5,000",
2018-11-26,2018-11-26,AUTO,,229418,660,BKAD0006 Auth:000009 CUSTOMER,"6,000",
2018-11-27,2018-11-27,AIF,VS110344415,344415,674,CHARGES MTN_PULL,200,
2018-11-27,2018-11-27,AIF,VS110344415,344415,674,MTN RWANDACELL LTD,"31,000",
2018-11-28,2018-11-28,AIF,VS110347239,347239,674,CHARGES MTN_PULL,200,
2018-11-28,2018-11-28,AUTO,SB069239293,239293,969,WITHDRWAL CHARGES Ref No: 2392,200,
2018-11-28,2018-11-28,AUTO,,239293,660,BKAD0077 Auth:000010 CUSTOMER,"10,000",
2018-11-28,2018-11-28,AIF,VS110347239,347239,674,MTN RWANDACELL LTD,"3,500",
2018-11-30,2018-11-30,AIF,VS110352617,352617,674,CHARGES MTN_PULL,200,
2018-11-30,2018-11-30,CUWE,VM001852853,221163,092,SALARY NOV 2018,,"77,200"
2018-11-30,2018-12-01,AUTO,AG310886,310886,989,FRAIS FIXE AU 30/11/18,200,
2018-11-30,2018-11-30,AIF,VS110352617,352617,674,MTN RWANDACELL LTD,"1,000",
2018-12-03,2018-12-03,AIF,VS110357061,357061,674,CHARGES MTN_PULL,200,
2018-12-03,2018-12-03,AIF,VS110361672,361672,674,CHARGES MTN_PULL,200,
2018-12-03,2018-12-03,AIF,VS110359028,359028,674,CHARGES MTN_PULL,200,
2018-12-03,2018-12-03,AIF,VS110357061,357061,674,MTN RWANDACELL LTD,"1,000",
2018-12-03,2018-12-03,AIF,VS110361672,361672,674,MTN RWANDACELL LTD,"1,000",
2018-12-03,2018-12-03,AIF,VS110359028,359028,674,MTN RWANDACELL LTD,"3,400",
2018-12-03,2018-12-03,AIF,VS110357079,357079,674,CHARGES MTN_PULL,200,
2018-12-03,2018-12-03,AIF,VS110357079,357079,674,MTN RWANDACELL LTD,"5,000",
2018-12-04,2018-12-04,AIF,VS110364303,364303,674,CHARGES MTN_PULL,200,
2018-12-04,2018-12-04,AIF,VS110364303,364303,674,MTN RWANDACELL LTD,"2,600",
2018-12-05,2018-12-05,AIF,VS110365678,365678,674,CHARGES MTN_PULL,200,
2018-12-05,2018-12-05,AIF,VS110365176,365176,674,CHARGES MTN_PULL,200,
2018-12-05,2018-12-05,AIF,VS110365678,365678,674,MTN RWANDACELL LTD,"32,000",
2018-12-05,2018-12-05,AIF,VS110365176,365176,674,MTN RWANDACELL LTD,"4,000",
2018-12-10,2018-12-10,AIF,VS110373173,373173,674,CHARGES MTN_PULL,200,
2018-12-10,2018-12-10,AIF,VS110379661,379661,674,CHARGES MTN_PULL,200,
2018-12-10,2018-12-10,AUTO,,296456,660,BKAD0085 Auth:000011 CUSTOMER,"5,000",
2018-12-10,2018-12-10,AIF,VS110378597,378597,674,CHARGES MTN_PULL,200,
2018-12-10,2018-12-10,AIF,VS110379584,379584,674,CHARGES MTN_PULL,200,
2018-12-10,2018-12-10,AUTO,SB069296456,296456,969,WITHDRWAL CHARGES Ref No: 2964,200,
2018-12-10,2018-12-10,AIF,VS110373173,373173,674,MTN RWANDACELL LTD,"1,000",
2018-12-10,2018-12-10,AIF,VS110378597,378597,674,MTN RWANDACELL LTD,"1,000",
2018-12-10,2018-12-10,AIF,VS110379661,379661,674,MTN RWANDACELL LTD,"2,000",
2018-12-10,2018-12-10,AIF,VS110379584,379584,674,MTN RWANDACELL LTD,"2,000",
2018-12-14,2018-12-14,AIF,VS110388168,388168,674,MTN RWANDACELL LTD,"1,000",
2018-12-17,2018-12-17,AIF,VS110392550,392550,674,MTN RWANDACELL LTD,"2,500",
2018-12-17,2018-12-17,AIF,VS110394965,394965,674,MTN RWANDACELL LTD,"4,000",
2018-12-19,2018-12-19,AUTO,SB069339676,339676,969,WITHDRWAL CHARGES Ref No: 3396,200,
2018-12-19,2018-12-19,AUTO,,339676,660,BKAD0037 Auth:000012 CUSTOMER,"5,000",
2018-12-19,2018-12-19,AIF,VS110398377,398377,674,MTN RWANDACELL LTD,"1,000",
2018-12-21,2018-12-21,AIF,VS110403278,403278,674,MTN RWANDACELL LTD,"1,000",
2018-12-24,2018-12-24,AIF,VS110409916,409916,674,MTN RWANDACELL LTD,"3,200",
2018-12-31,2018-12-31,AUTO,SB069397715,397715,969,WITHDRWAL CHARGES Ref No: 3977,200,
2018-12-31,2018-12-31,MRUT,VM001862346,340635,092,SAL DEC 2018,,"100,000"
2018-12-31,2018-12-31,AIF,VS110436866,436866,674,MTN RWANDACELL LTD,"20,000",
2018-12-31,2018-12-31,AUTO,,397715,660,BKAD0037 Auth:000013 CUSTOMER,"50,000",
2019-01-01,2019-01-01,AIF,VS110438966,438966,674,MTN RWANDACELL LTD,"6,000",
2019-01-07,2019-01-07,AIF,VS110449004,449004,674,MTN RWANDACELL LTD,"4,000",
2019-01-09,2019-01-09,AIF,VS110455556,455556,674,MTN RWANDACELL LTD,"3,000",
2019-01-09,2019-01-09,AIF,VS110456461,456461,674,MTN RWANDACELL LTD,"7,000",
2019-01-14,2019-01-14,AIF,VS110464464,464464,674,MTN RWANDACELL LTD,"1,000",
2019-01-14,2019-01-14,AIF,VS110467771,467771,674,MTN RWANDACELL LTD,"2,000",
2019-01-14,2019-01-14,AIF,VS110468067,468067,674,MTN RWANDACELL LTD,"1,000",
2019-01-15,2019-01-15,AIF,VS110468880,468880,674,MTN RWANDACELL LTD,"1,000",
2019-01-15,2019-01-15,BNSE,OD017296,745619,164,Failed MTN Pull 8-9 Jan19,"1,000",
2019-01-15,2019-01-15,AIF,VS110470120,470120,674,MTN RWANDACELL LTD,"1,000",
2019-01-23,2019-01-23,AUTO,SB069509362,509362,969,WITHDRWAL CHARGES Ref No: 5093,200,
2019-01-23,2019-01-23,AUTO,,509362,660,BKAD0085 Auth:000014 CUSTOMER,"2,000",
2019-01-24,2019-01-24,AIF,VS110488991,488991,674,MTN RWANDACELL LTD,"1,400",
2019-01-31,2019-01-31,CUWE,VM001872115,448515,092,SALARY/JANV/2019,,"100,000"
2019-02-01,2019-02-01,AIF,VS110512030,512030,674,MTN RWANDACELL LTD,"5,000",
2019-02-04,2019-02-04,AUTO,SB069565732,565732,969,WITHDRWAL CHARGES Ref No: 5657,200,
2019-02-04,2019-02-04,AUTO,SB069572816,572816,969,WITHDRWAL CHARGES Ref No: 5728,200,
2019-02-04,2019-02-04,AIF,VS110517923,517923,674,MTN RWANDACELL LTD,"1,000",
2019-02-04,2019-02-04,AUTO,,565732,660,BKAD0077 Auth:000015 CUSTOMER,"30,000",
2019-02-04,2019-02-04,AIF,VS110515734,515734,674,MTN RWANDACELL LTD,"4,000",
2019-02-04,2019-02-04,AUTO,,572816,660,BKAD0002 Auth:000016 CUSTOMER,"10,000",
2019-02-05,2019-02-05,AIF,VS110525666,525666,674,MTN RWANDACELL LTD,"1,000",
2019-02-06,2019-02-06,AIF,VS110527342,527342,674,MTN RWANDACELL LTD,"8,000",
2019-02-08,2019-02-08,AIF,VS110534464,534464,674,MTN RWANDACELL LTD,"1,000",
2019-02-11,2019-02-11,AIF,VS110000607,000607,674,MTN RWANDACELL LTD,"10,000",
2019-02-11,2019-02-11,AUTO,,605854,660,BKAD0077 Auth:000017 CUSTOMER,"5,000",
2019-02-11,2019-02-11,AUTO,SB069605854,605854,969,WITHDRWAL CHARGES Ref No: 6058,200,
2019-02-18,2019-02-18,AUTO,SB069634793,634793,969,WITHDRWAL CHARGES Ref No: 6347,200,
2019-02-18,2019-02-18,AIF,VS110022425,022425,674,MTN RWANDACELL LTD,"1,000",
2019-02-18,2019-02-18,AUTO,,634793,660,BKAD0085 Auth:000018 CUSTOMER,"18,000",
2019-02-19,2019-02-19,AIF,VS110024694,024694,674,MTN RWANDACELL LTD,"3,000",
2019-02-20,2019-02-20,BNSE,OD023034,791331,164,Failed Pull 19.02.19,,"3,000"
2019-02-20,2019-02-20,AIF,VS110026183,026183,674,MTN RWANDACELL LTD,"2,200",
2019-02-22,2019-02-22,AIF,VS110031787,031787,674,MTN RWANDACELL LTD,"3,000",
2019-02-28,2019-03-01,AUTO,AG417375,417375,989,FRAIS FIXE AU 28/02/19,200,
2019-03-01,2019-03-01,CUWE,VM001880297,521392,092,SALARY FEB 2019,,"100,000"
2019-03-04,2019-03-04,AIF,VS110051156,051156,674,MTN RWANDACELL LTD,"3,000",
2019-03-04,2019-03-04,AIF,VS110055077,055077,674,MTN RWANDACELL LTD,"1,000",
2019-03-04,2019-03-04,AIF,VS110054809,054809,674,MTN RWANDACELL LTD,"5,000",
2019-03-04,2019-03-04,AIF,VS110058127,058127,674,MTN RWANDACELL LTD,"25,000",
2019-03-05,2019-03-05,AIF,VS110062515,062515,674,MTN RWANDACELL LTD,"1,000",
2019-03-05,2019-03-05,AUTO,,161797,661,37F59992 Auth:000019 CUSTOMER,"4,566",
2019-03-07,2019-03-07,AUTO,SB069732228,732228,969,WITHDRWAL CHARGES Ref No: 7322,200,
2019-03-07,2019-03-07,AUTO,,732228,660,BKAD0003 Auth:000020 CUSTOMER,"50,000",
2019-03-07,2019-03-07,AIF,VS110066397,066397,674,MTN RWANDACELL LTD,"1,000",
2019-03-11,2019-03-11,AIF,VS110075578,075578,674,MTN RWANDACELL LTD,"2,000",
2019-03-12,2019-03-12,AIF,VS110082351,082351,674,MTN RWANDACELL LTD,"1,000",
2019-03-18,2019-03-18,AIF,VS110094971,094971,674,MTN RWANDACELL LTD,"1,000",
2019-03-18,2019-03-18,AIF,VS110095464,095464,674,MTN RWANDACELL LTD,"1,000",
2019-03-18,2019-03-18,AIF,VS110093764,093764,674,MTN RWANDACELL LTD,"1,000",
2019-03-20,2019-03-20,AIF,VS110101086,101086,674,MTN RWANDACELL LTD,"1,000",
2019-03-22,2019-03-22,AIF,VS110104500,104500,674,MTN RWANDACELL LTD,"1,000",
2019-03-25,2019-03-25,AIF,VS110110496,110496,674,MTN RWANDACELL LTD,"1,000",
2019-04-01,2019-04-01,CUWE,VM001888865,609434,092,SALARY MARCH 2019,,"100,000"
2019-04-02,2019-04-02,AUTO,SB069872828,872828,969,WITHDRWAL CHARGES Ref No: 8728,200,
2019-04-02,2019-04-02,AUTO,,872828,660,BKAD0077 Auth:000021 CUSTOMER,"50,000",
2019-04-03,2019-04-03,AIF,VS110144076,144076,674,MTN RWANDACELL LTD,"4,500",
2019-04-08,2019-04-08,AIF,VS110155995,155995,674,MTN RWANDACELL LTD,"1,000",
2019-04-08,2019-04-08,AUTO,VH100558637,558637,613,BKP01119 Auth:000022 CUSTOMER,"6,800",
2019-04-08,2019-04-08,AIF,VS110154091,154091,674,MTN RWANDACELL LTD,"2,300",
2019-04-08,2019-04-08,AIF,VS110158739,158739,674,MTN RWANDACELL LTD,"3,500",
2019-04-09,2019-04-09,AUTO,SB069915361,915361,969,WITHDRWAL CHARGES Ref No: 9153,200,
2019-04-09,2019-04-09,AUTO,,915361,660,BKAD0002 Auth:000023 CUSTOMER,"30,000",
2019-04-10,2019-04-10,AIF,VS110163471,163471,674,MTN RWANDACELL LTD,"1,000",
2019-04-26,2019-04-26,CUWE,VM001895990,668995,092,SALARY,,"100,000"
2019-04-29,2019-04-29,AUTO,SB06955780,55780,969,WITHDRWAL CHARGES Ref No: 5578,200,
2019-04-29,2019-04-29,AIF,VS110213724,213724,674,MTN RWANDACELL LTD,"1,000",
2019-04-29,2019-04-29,AUTO,,55780,660,BKAD0006 Auth:000024 CUSTOMER,"60,000",
2019-04-30,2019-05-01,AUTO,AG495534,495534,989,FRAIS FIXE AU 30/04/19,200,
2019-05-02,2019-05-02,AUTO,SB06976065,76065,969,WITHDRWAL CHARGES Ref No: 7606,200,
2019-05-02,2019-05-02,AIF,VS110225502,225502,674,MTN RWANDACELL LTD,"1,000",
2019-05-02,2019-05-02,AUTO,,76065,660,BKAD0037 Auth:000025 CUSTOMER,"15,000",
2019-05-06,2019-05-06,AIF,VS110233898,233898,674,MTN RWANDACELL LTD,"1,000",
2019-05-06,2019-05-06,AIF,VS110229910,229910,674,MTN RWANDACELL LTD,"1,000",
2019-05-06,2019-05-06,AIF,VS110237008,237008,674,MTN RWANDACELL LTD,"1,000",
2019-05-06,2019-05-06,AIF,VS110239353,239353,674,MTN RWANDACELL LTD,"5,000",
2019-05-06,2019-05-06,AIF,VS110234842,234842,674,MTN RWANDACELL LTD,"2,000",
2019-05-08,2019-05-08,AIF,VS110244147,244147,674,MTN RWANDACELL LTD,"1,000",
2019-05-10,2019-05-10,AIF,VS110249852,249852,674,MTN RWANDACELL LTD,"10,000",
2019-05-20,2019-05-20,AIF,VS110278074,278074,674,MTN RWANDACELL LTD,"2,000",
2019-05-30,2019-05-30,AUTO,SB069255600,255600,969,WITHDRWAL CHARGES Ref No: 2556,200,
2019-05-30,2019-05-30,CUWE,VM001907118,781925,092,SALARY MAY/2019,,"100,000"
2019-05-30,2019-05-30,AIF,VS110317084,317084,674,MTN RWANDACELL LTD,"2,000",
2019-05-30,2019-05-30,AUTO,,255600,660,BKAD0037 Auth:000026 BDK,"10,000",
2019-05-31,2019-05-31,AIF,VS110318972,318972,674,MTN RWANDACELL LTD,"3,000",
2019-05-31,2019-06-01,AUTO,AG529117,529117,989,FRAIS FIXE AU 31/05/19,200,
2019-05-31,2019-05-31,AUTO,VH100784142,784142,613,83908259 Auth:000027 CUSTOMER,"3,900",
2019-05-31,2019-05-31,AIF,VS110321215,321215,674,MTN RWANDACELL LTD,"4,000",
2019-06-03,2019-06-03,AUTO,SB069279631,279631,969,WITHDRWAL CHARGES Ref No: 2796,200,
2019-06-03,2019-06-03,AUTO,,279631,660,BKAD0003 Auth:000028 BDK,"60,000",
2019-06-03,2019-06-03,AIF,VS110327460,327460,674,MTN RWANDACELL LTD,"6,000",
2019-06-04,2019-06-04,AIF,VS110334584,334584,674,MTN RWANDACELL LTD,"1,000",
2019-06-04,2019-06-04,AIF,VS110334156,334156,674,MTN RWANDACELL LTD,"3,000",
2019-06-05,2019-06-05,AIF,VS110339725,339725,674,MTN RWANDACELL LTD,"1,500",
2019-06-10,2019-06-10,AIF,VS110353316,353316,674,MTN RWANDACELL LTD,"1,000",
2019-06-10,2019-06-10,AIF,VS110348179,348179,674,MTN RWANDACELL LTD,"1,000",
2019-06-17,2019-06-17,AIF,VS110373167,373167,674,MTN RWANDACELL LTD,"3,000",
2019-06-28,2019-06-28,CUWE,VM001916335,879611,092,SALARY JUNE,,"100,000"
2019-07-02,2019-07-02,AIF,VS110428870,428870,674,MTN RWANDACELL LTD,"2,000",
2019-07-02,2019-07-02,AIF,VS110428879,428879,674,MTN RWANDACELL LTD,"30,000",
2019-07-03,2019-07-03,AIF,VS110433026,433026,674,MTN RWANDACELL LTD,"3,000",
2019-07-03,2019-07-03,AIF,VS110432363,432363,674,MTN RWANDACELL LTD,"3,000",
2019-07-05,2019-07-05,AIF,VS110437823,437823,674,MTN RWANDACELL LTD,"2,700",
2019-07-05,2019-07-05,AIF,VS110436915,436915,674,MTN RWANDACELL LTD,"13,000",
2019-07-05,2019-07-05,AIF,VS110436843,436843,674,MTN RWANDACELL LTD,"3,000",
2019-07-08,2019-07-08,AIF,VS110444659,444659,674,MTN RWANDACELL LTD,"2,000",
2019-07-08,2019-07-08,AIF,VS110447236,447236,674,MTN RWANDACELL LTD,"3,000",
2019-07-09,2019-07-09,AIF,VS110450872,450872,674,MTN RWANDACELL LTD,"1,000",
2019-07-09,2019-07-09,AIF,VS110450877,450877,674,MTN RWANDACELL LTD,"4,000",
2019-07-10,2019-07-10,AIF,VS110454978,454978,674,MTN RWANDACELL LTD,"1,000",
2019-07-12,2019-07-12,AMUT,OD043001,029843,164,MTN PULL_20190629,"1,000",
2019-07-12,2019-07-12,AUTO,,505446,660,BKAD0077 Auth:000029 BDK,"5,000",
2019-07-12,2019-07-12,AUTO,SB069505446,505446,969,WITHDRWAL CHARGES Ref No: 5054,200,
2019-07-12,2019-07-12,AMUT,OD043001,029885,164,MTN PULL_20190629,"10,000",
2019-07-15,2019-07-15,AUTO,SB069695782,695782,622,RECEIPT CHARGES Ref No: 695782,200,
2019-07-15,2019-07-15,AUTO,SB069523002,523002,969,WITHDRWAL CHARGES Ref No: 5230,200,
2019-07-15,2019-07-15,AUTO,SB069696225,696225,622,RECEIPT CHARGES Ref No: 696225,100,
2019-07-15,2019-07-15,AUTO,SB069516000,516000,969,WITHDRWAL CHARGES Ref No: 5160,200,
2019-07-15,2019-07-15,AUTO,,516000,660,BKAD0077 Auth:000030 BDK,"10,000",
2019-07-15,2019-07-15,AUTO,,523002,660,BKAD0003 Auth:000031 BDK,"5,000",
2019-07-31,2019-07-31,MRUT,VM001925225,973582,092,SAL JULY 2019,,"100,000"
2019-07-31,2019-07-31,AUTO,,619224,660,BKAD0006 Auth:000032 BDK,"30,000",
2019-07-31,2019-07-31,AUTO,SB069619224,619224,969,WITHDRWAL CHARGES Ref No: 6192,200,
2019-08-01,2019-08-01,AUTO,VH10062664,62664,613,BKP01119 Auth:000033 CUSTOMER,"7,800",
2019-08-02,2019-08-02,AUTO,SB069634059,634059,969,WITHDRWAL CHARGES Ref No: 6340,200,
2019-08-02,2019-08-02,AUTO,SB069634074,634074,969,WITHDRWAL CHARGES Ref No: 6340,200,
2019-08-02,2019-08-02,AUTO,,634074,660,BKAD0002 Auth:000034 BDK,"10,000",
2019-08-02,2019-08-02,AUTO,,634059,660,BKAD0002 Auth:000035 BDK,"50,000",
2019-08-06,2019-08-06,AUTO,SB069712536,712536,622,RECEIPT CHARGES Ref No: 712536,100,
2019-08-26,2019-08-26,AIF,VS110596311,596311,674,MTN RWANDACELL LTD,"1,900",
2019-08-30,2019-08-30,MUHA,VM001934633,056721,092,SAL AUG2019/ACME TRADING,,"100,000"
2019-09-02,2019-09-02,AIF,VS110616252,616252,674,MTN RWANDACELL LTD,"1,000",
2019-09-02,2019-09-02,AIF,VS110622198,622198,674,MTN RWANDACELL LTD,"6,000",
2019-09-02,2019-09-02,AIF,VS110619018,619018,674,MTN RWANDACELL LTD,"26,000",
2019-09-02,2019-09-02,AUTO,VH100177449,177449,613,BKP01118 Auth:000036 CUSTOMER,"6,900",
2019-09-04,2019-09-04,AUTO,SB069826028,826028,969,WITHDRWAL CHARGES Ref No: 8260,200,
2019-09-04,2019-09-04,AUTO,,826028,660,BKAD0085 Auth:000037 BDK,"58,000",
2019-09-09,2019-09-09,AIF,VS110646718,646718,674,MTN RWANDACELL LTD,"1,900",
2019-09-27,2019-09-27,MUHA,VM001943273,141771,092,SALARY/SEPT/2019,,"100,000"
2019-09-30,2019-09-30,AIF,VS120643983,643983,641,BILL PAYMENT EBANKING,"1,000",
2019-09-30,2019-09-30,AUTO,VH1001478,1478,613,BKP01118 Auth:000038 CUSTOMER,"3,300",
2019-09-30,2019-09-30,AIF,VS110713923,713923,674,MTN RWANDACELL LTD,"4,000",
2019-09-30,2019-10-01,AUTO,AG673823,673823,989,FRAIS FIXE AU 30/09/19,200,
2019-09-30,2019-09-30,AIF,VS110720598,720598,674,MTN RWANDACELL LTD,"5,000",
2019-09-30,2019-09-30,AIF,VS110715079,715079,674,MTN RWANDACELL LTD,"19,975",
2019-09-30,2019-09-30,AIF,VS110720471,720471,674,MTN RWANDACELL LTD,"12,000",
2019-10-01,2019-10-01,AUTO,SB06913440,13440,969,WITHDRWAL CHARGES Ref No: 1344,200,
2019-10-01,2019-10-01,AIF,VS120649389,649389,641,BILL PAYMENT EBANKING,100,
2019-10-01,2019-10-01,AUTO,VH10014271,14271,613,83908259 Auth:000039 CUSTOMER,"1,600",
2019-10-01,2019-10-01,AUTO,,13440,660,BKAD0001 Auth:000040 BDK,"50,000",
