TXN DATE,DESCRIPTION,VALUE DATE,MONEY OUT,MONEY IN,LEDGER BALANCE
01 JAN 2023,BALANCE B/FWD,01 JAN 2023,,,0.00
20 JAN 2023,PRINCIPAL ADJUS AA0000000001 Account Capture Bal,20 JAN 2023,,"1,563,147.00","1,563,147.00"
21 JAN 2023,FT23021LCUI9,21 JAN 2023,-125.00,,"1,563,022.00"
21 JAN 2023,FT230218B2CX,21 JAN 2023,-125.00,,"1,562,897.00"
21 JAN 2023,FT23021KRVJ1,21 JAN 2023,-125.00,,"1,562,772.00"
21 JAN 2023,FT23021KFYEA,21 JAN 2023,-125.00,,"1,562,647.00"
21 JAN 2023,FT23021LGKTQ,21 JAN 2023,-125.00,,"1,562,522.00"
23 JAN 2023,FT23023EB4PF,23 JAN 2023,-125.00,,"1,562,397.00"
23 JAN 2023,FT23023KQZST,23 JAN 2023,-125.00,,"1,562,272.00"
24 JAN 2023,FT2302466L2L,24 JAN 2023,-125.00,,"1,562,147.00"
25 JAN 2023,FT23025CADV4,25 JAN 2023,-125.00,,"1,562,022.00"
25 JAN 2023,FT23025QZ81Q,25 JAN 2023,-125.00,,"1,561,897.00"
25 JAN 2023,Cash Withdrawal RT/ CUSTOMER ID/,25 JAN 2023,"-1,000,000.00",,"561,897.00"
25 JAN 2023,Charge - Capita AA0000000001 Withdrawal Receipt,25 JAN 2023,"-3,000.00",,"558,897.00"
27 JAN 2023,FT23027N2XMG,27 JAN 2023,-125.00,,"558,772.00"
27 JAN 2023,FT23027FRUMD,27 JAN 2023,-125.00,,"558,647.00"
27 JAN 2023,FT23027I307W,27 JAN 2023,-125.00,,"558,522.00"
27 JAN 2023,Cost of Cheque Book CHQ.4410000000.0000002,26 JAN 2023,"-4,000.00",,"554,522.00"
30 JAN 2023,FT2303063J91,30 JAN 2023,-125.00,,"554,397.00"
30 JAN 2023,FT23030722MW,30 JAN 2023,-125.00,,"554,272.00"
31 JAN 2023,Charge - Capita AA0000000001 Current Account Bun,31 JAN 2023,"-1,000.00",,"553,272.00"
06 FEB 2023,FT23037AM1OZ,06 FEB 2023,-125.00,,"553,147.00"
08 FEB 2023,Cash Deposit FT23039PP2A8,08 FEB 2023,,"490,000.00","1,043,147.00"
09 FEB 2023,FT230407715T,09 FEB 2023,-125.00,,"1,043,022.00"
09 FEB 2023,Cash Withdrawal CUSTOMER,09 FEB 2023,"-1,000,000.00",,"43,022.00"
09 FEB 2023,Charge - Capita AA0000000001 Withdrawal Receipt,09 FEB 2023,"-3,000.00",,"40,022.00"
09 FEB 2023,FT23040P078Z,09 FEB 2023,-125.00,,"39,897.00"
17 FEB 2023,Channel Transac AC-RWF000000000001 FT2304896,17 FEB 2023,-100.00,,"39,797.00"
17 FEB 2023,FT23048V0AB6,17 FEB 2023,"-20,000.00",,"19,797.00"
21 FEB 2023,Channel Transac AC-RWF000000000001 FT2304896,17 FEB 2023,,100.00,"19,897.00"
21 FEB 2023,FT23048V0AB6,17 FEB 2023,,"20,000.00","39,897.00"
21 FEB 2023,Incoming RTGS P 0000001030674903 0000001030674,21 FEB 2023,,"625,000.00","664,897.00"
21 FEB 2023,Incoming RTGS P FT23052L117E AC-4410000002 FT2,21 FEB 2023,-500.00,,"664,397.00"
21 FEB 2023,Cash Withdrawal RT / CUSTOMER ID,21 FEB 2023,"-650,000.00",,"14,397.00"
21 FEB 2023,Charge - Capita AA0000000001 Withdrawal Receipt,21 FEB 2023,"-3,000.00",,"11,397.00"
27 FEB 2023,Transfer Credit PYT PYTFT23058CJ61L,27 FEB 2023,,"1,848,000.00","1,859,397.00"
28 FEB 2023,Cash Withdrawal CUSTOMER,28 FEB 2023,"-1,800,000.00",,"59,397.00"
28 FEB 2023,Charge - Capita AA0000000001 Withdrawal Receipt,28 FEB 2023,"-3,000.00",,"56,397.00"
28 FEB 2023,Funds Transfer Payment Ledger Fee Ledger FeeF,28 FEB 2023,"-1,000.00",,"55,397.00"
08 MAR 2023,Incoming RTGS P 0000001038305903 0000001038305,08 MAR 2023,,"361,500.00","416,897.00"
08 MAR 2023,Cash Withdrawal CUSTOMER,08 MAR 2023,"-350,000.00",,"66,897.00"
08 MAR 2023,Charge - Capita AA0000000001 Withdrawal Receipt,08 MAR 2023,"-3,000.00",,"63,897.00"
13 MAR 2023,FT230725GS83,13 MAR 2023,,"24,000.00","87,897.00"
13 MAR 2023,Incoming RTGS P 0000001039387103 0000001039387,13 MAR 2023,,"1,377,500.00","1,465,397.00"
14 MAR 2023,MM23073LP72848 FT2307342M3N,14 MAR 2023,"-10,000.00",,"1,455,397.00"
14 MAR 2023,Cost of Cheque Book CHQ.4410000000.0000003,14 MAR 2023,"-4,000.00",,"1,451,397.00"
15 MAR 2023,Cash Withdrawal CHQ00000026 RT/CUSTOMER,15 MAR 2023,"-200,000.00",,"1,251,397.00"
16 MAR 2023,MM23073LP72848 FT2307342M3N,14 MAR 2023,,"10,000.00","1,261,397.00"
17 MAR 2023,Outward RTGS Pa BPR103001435695 BPR10300143569,17 MAR 2023,"-43,300.00",,"1,218,097.00"
17 MAR 2023,Transfer PYT PENALITIES PYT PENALITIES FT23076,17 MAR 2023,"-43,300.00",,"1,174,797.00"
17 MAR 2023,Charge - Capita AA0000000001 Internal single tra,17 MAR 2023,-500.00,,"1,174,297.00"
21 MAR 2023,LCY Chq.Encashm CHQ00000025 RT/CUSTOMER,21 MAR 2023,"-1,000,000.00",,"174,297.00"
31 MAR 2023,Cash Withdrawal CHQ00000027 CUSTOMER,31 MAR 2023,"-100,000.00",,"74,297.00"
31 MAR 2023,Ledger Fees 20230331 20230331 FT230909OGEA,31 MAR 2023,"-1,000.00",,"73,297.00"
11 APR 2023,FT23101D2R91,11 APR 2023,-125.00,,"73,172.00"
11 APR 2023,Incoming RTGS P 0000001049380503 0000001049380,11 APR 2023,,"1,301,500.00","1,374,672.00"
12 APR 2023,Channel Transaction Charge AC-4410000003 FT231,12 APR 2023,-500.00,,"1,374,172.00"
12 APR 2023,Internal Transfer Payment FT23102W4VET,12 APR 2023,"-185,000.00",,"1,189,172.00"
12 APR 2023,Channel Transaction Charge AC-4410000004 FT231,12 APR 2023,-500.00,,"1,188,672.00"
12 APR 2023,Internal Transfer Payment FT231023OV2K,12 APR 2023,"-176,500.00",,"1,012,172.00"
15 APR 2023,Charge - Capita AA0000000001 Current Account Bun,15 APR 2023,,"1,000.00","1,013,172.00"
24 APR 2023,Cash Withdrawal CHQ00000031 RT/CUSTOMER TWO,24 APR 2023,"-125,000.00",,"888,172.00"
25 APR 2023,Inward Cheque Debit CHQ00000030 FT23115WISE7,25 APR 2023,"-132,160.00",,"756,012.00"
26 APR 2023,FT23116ZL27B,26 APR 2023,-125.00,,"755,887.00"
26 APR 2023,FT23116PG3N4,26 APR 2023,-125.00,,"755,762.00"
26 APR 2023,LCY Chq.Encashm CHQ00000032 RT/CUSTOMER,26 APR 2023,"-190,000.00",,"565,762.00"
26 APR 2023,Inward Cheque Debit CHQ00000029 FT231160AIAA,26 APR 2023,"-560,000.00",,"5,762.00"
29 APR 2023,Ledger Fees 2023042920230429 FT23119J2FTF,29 APR 2023,"-1,000.00",,"4,762.00"
22 MAY 2023,Incoming RTGS P 0000001063421003 0000001063421,22 MAY 2023,,"625,000.00","629,762.00"
22 MAY 2023,Transfer Paymen FT231429RSWK AC-4410000002 FT2,22 MAY 2023,-500.00,,"629,262.00"
26 MAY 2023,FT23146AL160,26 MAY 2023,-125.00,,"629,137.00"
30 MAY 2023,FT231504ANRU,30 MAY 2023,-125.00,,"629,012.00"
31 MAY 2023,Ledger Fees 2023053120230531 FT23151IUK27,31 MAY 2023,"-1,000.00",,"628,012.00"
08 JUN 2023,Internal Transfer Payment FT23159DD862,08 JUN 2023,,"434,000.00","1,062,012.00"
09 JUN 2023,FT23160A6MFI,09 JUN 2023,-125.00,,"1,061,887.00"
09 JUN 2023,FT231601GI03,09 JUN 2023,-125.00,,"1,061,762.00"
09 JUN 2023,FT231606KB27,09 JUN 2023,-125.00,,"1,061,637.00"
10 JUN 2023,Cash Withdrawal CHQ00000033 RT/CUSTOMER,10 JUN 2023,"-1,050,000.00",,"11,637.00"
19 JUN 2023,Incoming RTGS P 0000001073980103 0000001073980,19 JUN 2023,,"817,000.00","828,637.00"
19 JUN 2023,Transfer Paymen FT23170HED4E AC-4410000002 FT2,19 JUN 2023,-500.00,,"828,137.00"
19 JUN 2023,FT23170OTXLU,19 JUN 2023,-125.00,,"828,012.00"
19 JUN 2023,FT23170ILLSW,19 JUN 2023,-125.00,,"827,887.00"
19 JUN 2023,LCY Chq.Encashm CHQ34 CUSTOMER AT-R,19 JUN 2023,"-800,000.00",,"27,887.00"
21 JUN 2023,FT23172YNBJL,21 JUN 2023,-125.00,,"27,762.00"
21 JUN 2023,FT23172OHNJT,21 JUN 2023,-125.00,,"27,637.00"
21 JUN 2023,MM23172T6TSC76 FT23172UQF54,21 JUN 2023,"-15,000.00",,"12,637.00"
21 JUN 2023,FT23172F8JIK,21 JUN 2023,-125.00,,"12,512.00"
21 JUN 2023,FT23172H2913,21 JUN 2023,-125.00,,"12,387.00"
22 JUN 2023,MM23172T6TSC76 FT23172UQF54,21 JUN 2023,,"15,000.00","27,387.00"
29 JUN 2023,FT23180VBLIO,29 JUN 2023,-125.00,,"27,262.00"
29 JUN 2023,FT23180NC07T,29 JUN 2023,-125.00,,"27,137.00"
29 JUN 2023,FT23180PTW44,29 JUN 2023,,"90,000.00","117,137.00"
29 JUN 2023,FT23180S200Q,29 JUN 2023,-125.00,,"117,012.00"
30 JUN 2023,FT231811VA3K,30 JUN 2023,-125.00,,"116,887.00"
30 JUN 2023,Inward Cheque Debit CHQ00000035 FT23181L8SAE,30 JUN 2023,"-115,000.00",,"1,887.00"
30 JUN 2023,Internal Transfer Payment FT23181P8BP2,30 JUN 2023,,"280,000.00","281,887.00"
30 JUN 2023,LCY Chq.Encashm CHQ00000036 RT/CUSTOMER,30 JUN 2023,"-250,000.00",,"31,887.00"
30 JUN 2023,Ledger Fees 20230630 20230630 FT2318190HSY,30 JUN 2023,"-1,000.00",,"30,887.00"
05 JUL 2023,FT23186FHMYC,05 JUL 2023,-125.00,,"30,762.00"
05 JUL 2023,FT23186TSHH7,05 JUL 2023,-125.00,,"30,637.00"
06 JUL 2023,Cash Withdrawal CHQ00000037 RT CUSTOMER,06 JUL 2023,"-30,000.00",,637.00
06 JUL 2023,FT23187E1SZX,06 JUL 2023,-125.00,,512.00
06 JUL 2023,FT23187W3A3E,06 JUL 2023,-125.00,,387.00
20 JUL 2023,FT232014YW4S,20 JUL 2023,-125.00,,262.00
31 JUL 2023,Ledger Fees 2023073120230731 FT232124F8SU,31 JUL 2023,-262.00,,0.00
01 AUG 2023,Internal Transfer Payment CHQ00000590 FT23213,01 AUG 2023,,"1,583,000.00","1,583,000.00"
01 AUG 2023,Ledger Fees 20230731 20230731 FT23213CHLL8,01 AUG 2023,-738.00,,"1,582,262.00"
01 AUG 2023,FT23213A32IH,01 AUG 2023,-125.00,,"1,582,137.00"
01 AUG 2023,MM23213TUJVV16 FT232130NST0,01 AUG 2023,"-5,000.00",,"1,577,137.00"
02 AUG 2023,MM23213TUJVV16 FT232130NST0,01 AUG 2023,,"5,000.00","1,582,137.00"
08 AUG 2023,FT23220V9BXF,08 AUG 2023,-125.00,,"1,582,012.00"
08 AUG 2023,FT23220R012H,08 AUG 2023,-125.00,,"1,581,887.00"
10 AUG 2023,Inward Cheque Debit CHQ00000038 FT23222UU85X,10 AUG 2023,"-313,750.00",,"1,268,137.00"
10 AUG 2023,Cash Withdrawal CHQ41 CUSTOMER A,10 AUG 2023,"-350,000.00",,"918,137.00"
11 AUG 2023,Inward Cheque Debit CHQ00000039 FT23223F03JI,11 AUG 2023,"-208,000.00",,"710,137.00"
11 AUG 2023,FT232234SM5Q,11 AUG 2023,-125.00,,"710,012.00"
12 AUG 2023,FT23224H9KNY,12 AUG 2023,-125.00,,"709,887.00"
14 AUG 2023,Internal Transfer Payment FT232261JXBD,14 AUG 2023,,"366,000.00","1,075,887.00"
14 AUG 2023,LCY Chq.Encashm CHQ43 TUYISENGE SOLANGE AT-RWKIM,14 AUG 2023,"-254,000.00",,"821,887.00"
16 AUG 2023,FT23228CJDRE,16 AUG 2023,-125.00,,"821,762.00"
17 AUG 2023,FT232294NJAD,17 AUG 2023,-125.00,,"821,637.00"
18 AUG 2023,FT23230R18GF,18 AUG 2023,-125.00,,"821,512.00"
18 AUG 2023,Internal Transfer Payment FT23230S3RH0,18 AUG 2023,,"936,000.00","1,757,512.00"
21 AUG 2023,Internal Transfer Payment FT232335UDYO,21 AUG 2023,,"840,000.00","2,597,512.00"
22 AUG 2023,FT23234SD07C,22 AUG 2023,-125.00,,"2,597,387.00"
22 AUG 2023,FT23234LJQ2M,22 AUG 2023,-125.00,,"2,597,262.00"
28 AUG 2023,LCY Chq.Encashm CHQ00000044 RT/ CUSTOMER,28 AUG 2023,"-100,000.00",,"2,497,262.00"
31 AUG 2023,Ledger Fees 2023083120230831 FT23243UMM2G,31 AUG 2023,"-1,000.00",,"2,496,262.00"
05 SEP 2023,Inward SWIFT Pa S10000000002 /ROC/SWF OF 23,05 SEP 2023,,"2,922,716.00","5,418,978.00"
05 SEP 2023,SWIFT Remit Cha S10000000002 ChargeIncoming,05 SEP 2023,"-20,000.00",,"5,398,978.00"
08 SEP 2023,SWIFT Remit Cha NONREF Charge Outgoing standard,08 SEP 2023,"-35,917.00",,"5,363,061.00"
08 SEP 2023,Outward SWIFT NONREF MUNYANDINDA EMILE DEUTDEF,08 SEP 2023,"-4,015,489.00",,"1,347,572.00"
11 SEP 2023,Channel Transac AC-RWF000000000001 FT23254IO,11 SEP 2023,-200.00,,"1,347,372.00"
11 SEP 2023,FT23254EQZ9E,11 SEP 2023,"-3,000.00",,"1,344,372.00"
11 SEP 2023,Channel Transac AC-RWF000000000001 FT23254D8,11 SEP 2023,-200.00,,"1,344,172.00"
11 SEP 2023,FT232547V4GN,11 SEP 2023,"-50,000.00",,"1,294,172.00"
12 SEP 2023,Channel Transac AC-RWF000000000001 FT232556X,12 SEP 2023,-200.00,,"1,293,972.00"
12 SEP 2023,FT23255RNG8Q,12 SEP 2023,"-15,000.00",,"1,278,972.00"
14 SEP 2023,Channel Transac AC-RWF000000000001 FT23257PM,14 SEP 2023,-200.00,,"1,278,772.00"
14 SEP 2023,FT23257EDXUG,14 SEP 2023,"-200,000.00",,"1,078,772.00"
14 SEP 2023,FT23257HN1AU,14 SEP 2023,-125.00,,"1,078,647.00"
15 SEP 2023,Channel Transac AC-RWF000000000001 FT23258ZC,15 SEP 2023,-200.00,,"1,078,447.00"
15 SEP 2023,FT23258BCEH1,15 SEP 2023,"-78,000.00",,"1,000,447.00"
15 SEP 2023,Internal Transfer Payment FT23258YJXW8,15 SEP 2023,"-13,462.00",,"986,985.00"
16 SEP 2023,Incoming RTGS P 0000001105298003 0000001105298,16 SEP 2023,,"140,000.00","1,126,985.00"
16 SEP 2023,Transfer Paymen Q60000000003 AC-4410000002,16 SEP 2023,-500.00,,"1,126,485.00"
16 SEP 2023,Channel Transac AC-RWF000000000001 FT232590I,16 SEP 2023,-200.00,,"1,126,285.00"
16 SEP 2023,FT23259XTWO4,16 SEP 2023,"-10,000.00",,"1,116,285.00"
16 SEP 2023,Channel Transac AC-RWF000000000001 FT232595P,16 SEP 2023,-200.00,,"1,116,085.00"
16 SEP 2023,FT2325998MCW,16 SEP 2023,"-90,000.00",,"1,026,085.00"
16 SEP 2023,FT2325928WXE,16 SEP 2023,-125.00,,"1,025,960.00"
19 SEP 2023,Channel Transac AC-RWF000000000001 FT23262QY,19 SEP 2023,-200.00,,"1,025,760.00"
19 SEP 2023,FT23262BX8P8,19 SEP 2023,"-50,000.00",,"975,760.00"
19 SEP 2023,FT2326272DU4,19 SEP 2023,-125.00,,"975,635.00"
19 SEP 2023,Channel Transac AC-RWF000000000001 FT23262O2,19 SEP 2023,-200.00,,"975,435.00"
19 SEP 2023,FT232626QM9P,19 SEP 2023,"-176,000.00",,"799,435.00"
20 SEP 2023,Channel Transac AC-RWF000000000001 FT23263KC,20 SEP 2023,-200.00,,"799,235.00"
20 SEP 2023,FT23263VTH6B,20 SEP 2023,"-50,000.00",,"749,235.00"
21 SEP 2023,Channel Transac AC-RWF000000000001 FT23264G6,21 SEP 2023,-200.00,,"749,035.00"
21 SEP 2023,FT232641RF42,21 SEP 2023,"-50,000.00",,"699,035.00"
21 SEP 2023,FT23264ZVOJY,21 SEP 2023,-125.00,,"698,910.00"
21 SEP 2023,Channel Transac AC-4410000005 FT23264TAO73,21 SEP 2023,-500.00,,"698,410.00"
21 SEP 2023,FT23264TAO73,21 SEP 2023,"-169,200.00",,"529,210.00"
21 SEP 2023,Channel Transac AC-RWF000000000001 FT23264AO,21 SEP 2023,-200.00,,"529,010.00"
21 SEP 2023,FT23264RZ913,21 SEP 2023,"-20,000.00",,"509,010.00"
21 SEP 2023,Internal Transfer Payment FT23264RAISR,21 SEP 2023,,"336,000.00","845,010.00"
22 SEP 2023,Channel Transaction Charge 00000045 AC-4410000006,22 SEP 2023,-500.00,,"844,510.00"
22 SEP 2023,Cheque CHQ00000045FT23265D7TY5,22 SEP 2023,"-90,000.00",,"754,510.00"
22 SEP 2023,Channel Transaction Charge 00000046 AC-4410000007,22 SEP 2023,-500.00,,"754,010.00"
22 SEP 2023,Cheque CHQ00000046FT23265CYZ55,22 SEP 2023,"-100,000.00",,"654,010.00"
23 SEP 2023,Channel Transac AC-RWF000000000001 FT2326620,23 SEP 2023,-200.00,,"653,810.00"
23 SEP 2023,FT23266VLO76,23 SEP 2023,"-70,000.00",,"583,810.00"
25 SEP 2023,Channel Transac AC-RWF000000000001 FT23268BN,25 SEP 2023,-200.00,,"583,610.00"
25 SEP 2023,FT232687FMJQ,25 SEP 2023,"-341,000.00",,"242,610.00"
25 SEP 2023,Channel Transac AC-RWF000000000001 FT23268VU,25 SEP 2023,-200.00,,"242,410.00"
25 SEP 2023,FT23268KOOLU,25 SEP 2023,"-40,000.00",,"202,410.00"
25 SEP 2023,Channel Transac AC-RWF000000000001 FT23268PV,25 SEP 2023,-200.00,,"202,210.00"
25 SEP 2023,FT23268Q99AZ,25 SEP 2023,"-150,000.00",,"52,210.00"
25 SEP 2023,FT23268UZEO5,25 SEP 2023,-125.00,,"52,085.00"
25 SEP 2023,Channel Transac AC-RWF000000000001 FT23268ED,25 SEP 2023,-200.00,,"51,885.00"
25 SEP 2023,FT23268GXMO1,25 SEP 2023,"-40,000.00",,"11,885.00"
29 SEP 2023,FT232726B237,29 SEP 2023,-125.00,,"11,760.00"
29 SEP 2023,Internal Transfer Payment FT23272K4QWM,29 SEP 2023,,"924,000.00","935,760.00"
30 SEP 2023,FT2327314KSB,30 SEP 2023,-125.00,,"935,635.00"
30 SEP 2023,Channel Transac AC-RWF000000000001 FT23273RB,30 SEP 2023,-200.00,,"935,435.00"
30 SEP 2023,FT23273X3HH9,30 SEP 2023,"-80,000.00",,"855,435.00"
30 SEP 2023,Ledger Fees 2023093020230930 FT23273VW3QA,30 SEP 2023,"-1,000.00",,"854,435.00"
02 OCT 2023,Channel Transac AC-RWF000000000001 FT232757U,02 OCT 2023,-200.00,,"854,235.00"
02 OCT 2023,FT23275F0FZ0,02 OCT 2023,"-50,000.00",,"804,235.00"
02 OCT 2023,Channel Transac AC-RWF000000000001 FT232751X,02 OCT 2023,-200.00,,"804,035.00"
02 OCT 2023,FT23275XA5TS,02 OCT 2023,"-80,000.00",,"724,035.00"
03 OCT 2023,Channel Transac AC-RWF000000000001 FT232761R,03 OCT 2023,-200.00,,"723,835.00"
03 OCT 2023,FT23276YTWHB,03 OCT 2023,"-100,000.00",,"623,835.00"
04 OCT 2023,Bill Payment ZI0000000004 ZI0000000004,04 OCT 2023,"-20,000.00",,"603,835.00"
04 OCT 2023,Channel Transac AC-RWF000000000001 FT23277ZL,04 OCT 2023,-200.00,,"603,635.00"
04 OCT 2023,FT232774C0YX,04 OCT 2023,"-130,000.00",,"473,635.00"
04 OCT 2023,Channel Transac AC-RWF000000000001 FT23277Y7,04 OCT 2023,-200.00,,"473,435.00"
04 OCT 2023,FT23277YBZR3,04 OCT 2023,"-126,000.00",,"347,435.00"
04 OCT 2023,Channel Transac AC-RWF000000000001 FT23277YQ,04 OCT 2023,-200.00,,"347,235.00"
04 OCT 2023,FT232777CNO4,04 OCT 2023,"-206,000.00",,"141,235.00"
06 OCT 2023,LCY Chq.Encashm CHQ47 TUYIZERE SOLANGE AT-RWKIM,06 OCT 2023,"-130,000.00",,"11,235.00"
07 OCT 2023,Internal Transfer Payment CHQ630 FT23280WG37R,07 OCT 2023,,"924,000.00","935,235.00"
07 OCT 2023,LCY Chq.Encashm CHQCHQ49 CUSTOMER,07 OCT 2023,"-300,000.00",,"635,235.00"
10 OCT 2023,Channel Transac AC-4410000005 FT23283D22I2,10 OCT 2023,-500.00,,"634,735.00"
10 OCT 2023,FT23283D22I2,10 OCT 2023,"-18,092.00",,"616,643.00"
12 OCT 2023,LCY Chq.Encashm CHQ00000050 RT/KARINDAPATRICK I,12 OCT 2023,"-320,000.00",,"296,643.00"
18 OCT 2023,Inward Cheque Debit CHQ00000048 00074123FT232,18 OCT 2023,"-195,000.00",,"101,643.00"
19 OCT 2023,Internal Transfer Payment CHQ638 FT23292P6N8Q,19 OCT 2023,,"1,272,000.00","1,373,643.00"
19 OCT 2023,Cash Withdrawal CHQ51 RT\CUSTOMER,19 OCT 2023,"-300,000.00",,"1,073,643.00"
20 OCT 2023,Cash Deposit Local VT\CUSTOMER TT232935RU4F,20 OCT 2023,,"2,100,000.00","3,173,643.00"
20 OCT 2023,Internal Transfer Payment FT232938PGZN,20 OCT 2023,"-8,126.00",,"3,165,517.00"
23 OCT 2023,Channel Transac AC-4410000008 FT23296W7SRP,23 OCT 2023,-200.00,,"3,165,317.00"
23 OCT 2023,FT23296W7SRP,23 OCT 2023,"-5,000.00",,"3,160,317.00"
23 OCT 2023,LCY Chq.Encashm CHQ00000052 RT CUSTOMER,23 OCT 2023,"-150,000.00",,"3,010,317.00"
26 OCT 2023,FT23299FIFJ4,26 OCT 2023,-125.00,,"3,010,192.00"
27 OCT 2023,IS0000000005 FT23300N2RLJ,27 OCT 2023,"-300,000.00",,"2,710,192.00"
31 OCT 2023,Ledger Fees 2023103120231031 FT23304QSIK5,31 OCT 2023,"-1,000.00",,"2,709,192.00"
04 NOV 2023,Channel Transac AC-4410000008 FT23308LQY2R,04 NOV 2023,-200.00,,"2,708,992.00"
04 NOV 2023,FT23308LQY2R,04 NOV 2023,"-70,000.00",,"2,638,992.00"
06 NOV 2023,IS0000000006 FT23310VJ2CD,06 NOV 2023,"-60,000.00",,"2,578,992.00"
06 NOV 2023,IS0000000007 FT23310YIO2O,06 NOV 2023,"-370,000.00",,"2,208,992.00"
09 NOV 2023,IS0000000008 FT23313NN7ZP,09 NOV 2023,"-50,000.00",,"2,158,992.00"
09 NOV 2023,FT233133KDO7,09 NOV 2023,,"3,500,000.00","5,658,992.00"
09 NOV 2023,Incoming RTGS P 0000001125846703 0000001125846,09 NOV 2023,,"924,000.00","6,582,992.00"
09 NOV 2023,Transfer Paymen FT23313G2MLC AC-4410000002 FT2,09 NOV 2023,-500.00,,"6,582,492.00"
14 NOV 2023,LCY Chq.Encashm CHQ0000053 RT/ CUSTOMER,14 NOV 2023,"-5,000,000.00",,"1,582,492.00"
15 NOV 2023,IS0000000009 FT23319PNBAD,15 NOV 2023,"-100,000.00",,"1,482,492.00"
15 NOV 2023,IS0000000010 FT233191CE4K,15 NOV 2023,"-100,000.00",,"1,382,492.00"
16 NOV 2023,IS0000000011 FT23320CV9BG,16 NOV 2023,"-100,000.00",,"1,282,492.00"
17 NOV 2023,IS0000000012 FT233216D5R2,17 NOV 2023,"-68,000.00",,"1,214,492.00"
17 NOV 2023,LCY Chq.Encashm CHQ00000054 KAMALI WILLIAM/07883,17 NOV 2023,"-1,000,000.00",,"214,492.00"
20 NOV 2023,IS0000000013 FT23324RWUIJ,20 NOV 2023,"-100,000.00",,"114,492.00"
21 NOV 2023,IS0000000014 FT23325TSKEG,21 NOV 2023,"-20,000.00",,"94,492.00"
23 NOV 2023,IS0000000015 FT23327H2PDE,23 NOV 2023,"-90,000.00",,"4,492.00"
23 NOV 2023,Internal Transfer Payment FT233274WA89,23 NOV 2023,,"420,000.00","424,492.00"
23 NOV 2023,IS0000000016 FT23327KWX0G,23 NOV 2023,"-420,000.00",,"4,492.00"
23 NOV 2023,IS0000000017 FT23327CPJ42,23 NOV 2023,"-1,000.00",,"3,492.00"
24 NOV 2023,IS0000000017 FT23327CPJ42,23 NOV 2023,,"1,000.00","4,492.00"
24 NOV 2023,IS0000000016 FT23327KWX0G,23 NOV 2023,,"420,000.00","424,492.00"
24 NOV 2023,IS0000000018 FT233284K61S,24 NOV 2023,"-1,000.00",,"423,492.00"
24 NOV 2023,IS0000000019 FT23328N246N,24 NOV 2023,"-115,000.00",,"308,492.00"
24 NOV 2023,IS0000000020 FT23328D1R0U,24 NOV 2023,"-305,000.00",,"3,492.00"
28 NOV 2023,Incoming RTGS P 0000001132012903 0000001132012,28 NOV 2023,,"1,008,000.00","1,011,492.00"
28 NOV 2023,Transfer Paymen FT23332PUXGQ AC-4410000002 FT2,28 NOV 2023,-500.00,,"1,010,992.00"
29 NOV 2023,IS0000000021 FT23333VWTHN,29 NOV 2023,"-190,000.00",,"820,992.00"
30 NOV 2023,IS0000000022 FT23334FAWV2,30 NOV 2023,"-380,000.00",,"440,992.00"
30 NOV 2023,IS0000000023 FT23334HY89M,30 NOV 2023,"-100,000.00",,"340,992.00"
30 NOV 2023,Channel Transaction Charge 00000058 AC-4410000006,30 NOV 2023,-500.00,,"340,492.00"
30 NOV 2023,Cheque CHQ00000058FT23334Q9C6T,30 NOV 2023,"-90,000.00",,"250,492.00"
30 NOV 2023,Channel Transaction Charge 00000057 AC-4410000007,30 NOV 2023,-500.00,,"249,992.00"
30 NOV 2023,Cheque CHQ00000057FT23334FY1MN,30 NOV 2023,"-100,000.00",,"149,992.00"
30 NOV 2023,Ledger Fees 2023113020231130 FT23334Z03S2,30 NOV 2023,"-1,000.00",,"148,992.00"
01 DEC 2023,IS0000000024 FT23335L5ZZ8,01 DEC 2023,"-48,000.00",,"100,992.00"
04 DEC 2023,IS0000000025 FT23338DLI2B,04 DEC 2023,"-70,000.00",,"30,992.00"
04 DEC 2023,IS0000000026 FT23338NUKH0,04 DEC 2023,"-25,000.00",,"5,992.00"
04 DEC 2023,Incoming RTGS P 0000001134852903 0000001134852,04 DEC 2023,,"1,583,000.00","1,588,992.00"
04 DEC 2023,Transfer Paymen FT23338K2BY4 AC-4410000002 FT2,04 DEC 2023,-500.00,,"1,588,492.00"
04 DEC 2023,FT23338Q5NQQ,04 DEC 2023,-125.00,,"1,588,367.00"
04 DEC 2023,Cash Withdrawal CHQCTV CUSTOMER,04 DEC 2023,"-300,000.00",,"1,288,367.00"
04 DEC 2023,Charge - Capita AA0000000001 Withdrawal Receipt,04 DEC 2023,"-3,000.00",,"1,285,367.00"
08 DEC 2023,Inward Cheque D CHQ00000059 040231207T272896 F,08 DEC 2023,"-280,000.00",,"1,005,367.00"
09 DEC 2023,IS0000000027 FT233432D4FM,09 DEC 2023,"-100,000.00",,"905,367.00"
11 DEC 2023,Inward Cheque D CHQ00000060 040231208T273218 F,11 DEC 2023,"-378,000.00",,"527,367.00"
13 DEC 2023,Incoming RTGS P 0000001137461403 0000001137461,13 DEC 2023,,"1,608,000.00","2,135,367.00"
13 DEC 2023,Transfer Paymen FT23347CS1O4 AC-4410000002 FT2,13 DEC 2023,-500.00,,"2,134,867.00"
13 DEC 2023,IS0000000028 FT233473TDAU,13 DEC 2023,"-400,000.00",,"1,734,867.00"
14 DEC 2023,IS0000000029 FT233481OYGL,14 DEC 2023,"-100,000.00",,"1,634,867.00"
15 DEC 2023,Cash Withdrawal CHQ00000061 RT CUSTOMER,15 DEC 2023,"-1,080,000.00",,"554,867.00"
15 DEC 2023,Incoming RTGS P 0000001138198603 0000001138198,15 DEC 2023,,"800,000.00","1,354,867.00"
15 DEC 2023,Transfer Paymen Q60000000030 AC-4410000002,15 DEC 2023,-500.00,,"1,354,367.00"
15 DEC 2023,IS0000000031 FT23349WQ5NC,15 DEC 2023,"-160,000.00",,"1,194,367.00"
18 DEC 2023,IS0000000032 FT23352I6SZU,18 DEC 2023,"-138,000.00",,"1,056,367.00"
19 DEC 2023,IS0000000033 FT233533VRB5,19 DEC 2023,"-100,000.00",,"956,367.00"
20 DEC 2023,IS0000000034 FT23354GNIJ6,20 DEC 2023,"-600,000.00",,"356,367.00"
22 DEC 2023,IS0000000035 FT23356R1ORX,22 DEC 2023,"-50,000.00",,"306,367.00"
23 DEC 2023,IS0000000036 FT23357BSW7D,23 DEC 2023,"-50,000.00",,"256,367.00"
23 DEC 2023,IS0000000037 FT23357GCP3F,23 DEC 2023,"-150,000.00",,"106,367.00"
27 DEC 2023,IS0000000038 FT2336134PMP,27 DEC 2023,"-100,000.00",,"6,367.00"
29 DEC 2023,Incoming RTGS P 0000001145590203 0000001145590,29 DEC 2023,,"140,000.00","146,367.00"
29 DEC 2023,Transfer Paymen Q60000000039 AC-4410000002,29 DEC 2023,-500.00,,"145,867.00"
29 DEC 2023,IS0000000040 FT23363S5L12,29 DEC 2023,"-140,000.00",,"5,867.00"
30 DEC 2023,"Ledger Fees 2023123020231230 FT23364VEJ3ASZUL32R AT PERIOD                       -32,630,596.00       32,635,463.00           4,867.00END:",30 DEC 2023,"-1,000.00",,"4,867.00"
