,Application ID: ,,,,,,,,,
,,,,,,,,,,
,,,,,,,,,,
,,,,,,,TO BE FILLED BY THE APPLICANT,,,
No,Requirements ,CIS for VSDC,Check ,Date,Comment,By who,Applicant's comment,Document reference,Date,By who
1,ENCLOSED DOCUMENTATION ,Product brochure,,,,,,,,
2,ENCLOSED DOCUMENTATION ,Product warranty statement,,,,,,,,
3,ENCLOSED DOCUMENTATION ,"User manual
",,,,,,,,
4,ENCLOSED DOCUMENTATION ,Installation guide,,,,,,,,
5,ENCLOSED DOCUMENTATION ,Programming and configuration manual,,,,,,,,
6,OPERATIONAL FUNCTIONS,The CIS shall be able to configure the MRC of each connected device as prescribed in Article 3 of technical specification of CIS for VSDC ,,,,,,,,
7,RECEIPT,CIS shall generates all type of receipt with detailed information including goods and/or service as specified in Article 4 of technical specification of CIS for VSDC,,,,,,,,
8,OPERATIONAL FUNCTIONS,The CIS shall be able to produce Normal Sale (NS) receipt,,,,,,,,
9,OPERATIONAL FUNCTIONS,The CIS shall be able to produce Normal Refund (NR) receipt,,,,,,,,
10,OPERATIONAL FUNCTIONS,The CIS shall be able to produce Copy (CS/CR) of an existing normal receipt/refund,,,,,,,,
11,OPERATIONAL FUNCTIONS,"The CIS shall be able to produce Training (TS, TR) when function enabled",,,,,,,,
12,OPERATIONAL FUNCTIONS,The CIS shall be able to produce Proforma (PS),,,,,,,,
13,OTHER ITEMS NECESSARY FOR TESTING,All necessary communication protocol to connect CIS to VSDC,,,,,,,,
14,OPERATIONAL FUNCTIONS,The CIS shall request receipt signature to VSDC by sending receipt data in prescribed format,,,,,,,,
15,OPERATIONAL FUNCTIONS,The CIS shall Receive response data from VSDC and add this information to receipt structure as described in CIS specification,,,,,,,,
16,OPERATIONAL FUNCTIONS,The CIS shall not produce the receipt in case of error or failure from VSDC,,,,,,,,
17,VISUAL VERIFICATION,CIS shall print out the receipt for every transaction as specified in CIS specification,,,,,,,,
18,VISUAL VERIFICATION,"CIS can print invoice on different format (A4, A5, Paper roll, etc..) as long as it has all required information",,,,,,,,
19,VISUAL VERIFICATION,CIS shall be able to perform a transaction and display an operation of minimum 13 digits inclusive of 2 decimal places,,,,,,,,
20,OPERATIONAL FUNCTIONS,"The CIS shall be able to print the Daily X report and Z report as specified in article 7,18 and 19 of technical specification of CIS for VSDC ",,,,,,,,
21,VISUAL VERIFICATION,CIS software must have a version number which can be verified and printed on each receipt,,,,,,,,
22,PROHIBITED FUNCTIONS,The CIS must not be able to issue receipt of any type if not connected to VSDC unit which is functioning under normal circumstances with the same TIN (must indicate error if VSDC is disconnected or malfunctioned),,,,,,,,
23,OPERATIONAL FUNCTIONS,The CIS shall be able to manage and send the stock information to VSDC in prescribed format,,,,,,,,
24,OPERATIONAL FUNCTIONS,The CIS shall be able to produce PLU report as described in article 21 of technical specification of CIS for VSDC,,,,,,,,
25,OPERATIONAL FUNCTIONS,"The CIS shall be able to produce detailed report of sales, purchases, stock, items and importation",,,,,,,,
26,OPERATIONAL FUNCTIONS,"The CIS shall register the means of payment used for transaction (Cash, Credit, Bank Check, Mobile payment, etc…)",,,,,,,,
27,PROHIBITED FUNCTIONS,"The CIS shall not allow the registration of the value of the transaction without identifying the good and/or services, quantity and price",,,,,,,,
28,PROHIBITED FUNCTIONS,"This CIS shall not allow the modification of approved receipt, however the CIS shall allow to make refund with reference to the original erroneous invoice with clear evidence and print it",,,,,,,,
29,PRINTING,The CIS shall print only one original for each receipt transaction with all required information as specified in article 7 of technical specification of CIS for VSDC,,,,,,,,
30,PRINTING,The CIS shall be able to re-print an existing invoice as COPY with all its requirement specified in technical specification of CIS for VSDC,,,,,,,,
31,PRINTING,The printed receipt shall have a QR code as specified in technical specification of CIS for VSDC,,,,,,,,
32,PRINTING,The CIS shall print  official RRA logos on each each receipt regardless the type,,,,,,,,
33,RECEIPT,Receipt Header: the name and the address must contain at least 3 lines ,,,,,,,,
34,RECEIPT,TIN must be written in first block and SDC information before the last block,,,,,,,,
35,RECEIPT,"TIN, Name and Mobile contact number of Client must be included, in Case there is no TIN, Mobile contact must be used",,,,,,,,
36,RECEIPT,"The date, hour, minutes and seconds show when the receipt is issued",,,,,,,,
37,RECEIPT,CIS shall manage purchase code from sales,,,,,,,,
38,RECEIPT,CIS shall manage purchase code from purchases,,,,,,,,
39,RECEIPT,The CIS shall be able to manage price discounts when making receipt,,,,,,,,
40,COPY RECEIPT,"The copy (CS, CR) receipt must contain same sales information as previously printed normal sale (NS) or normal refund (NR) receipt, with clear designation of COPY sign",,,,,,,,
41,TRAINING RECEIPT,"The training (TS, TR) receipt can contain similar information as normal sale (NS) or normal refund (NR) receipt, with clear designation of TRAINING sign",,,,,,,,
42,TRAINING RECEIPT,Operation in training mode must be activated by function different than sales mode,,,,,,,,
43,PROFORMA RECEIPT,"The proforma (PS) receipt can contain similar information as normal sale (NS) receipt, with clear designation of PROFORMA sign",,,,,,,,
44,CIS JOURNAL RECORDS,"The journal is a document which is issued in the same time with the receipt (of type normal) and which contains the same data as the printed slip (ether paper and electronic form), EJ must be compared with printed slip and must be the same.",,,,,,,,
45,TAX RATES,"The CIS shall be able to configure the tax rates (A,B,C,D) as specified in National tax law",,,,,,,,
46,TAX RATES,"The CIS shall be able to print the tax values with label which indicates taxes used (A,B,C,D)",,,,,,,,
47,TAX RATES,"The CIS shall round values of tax on two decimals.
(<5 - down, >=5 -up)",,,,,,,,
48,TAX RATES,"If tax rate is programmed with value > 0, the tax label and value must be printed on every receipt regardless if sale was including that particular tax rate (B)",,,,,,,,
49,TAX RATES,"If tax rate is = 0, the tax label and value must be printed only when item with this particular tax rate is used (A,C and D)",,,,,,,,
50,COUNTERS,The CIS shall have a consecutive counter for receipts regardless the type.,,,,,,,,
51,COUNTERS,The Counters start from integer 1 and increment by 1 according to its transaction,,,,,,,,
52,COUNTERS,"Item count presents number of items shown on the receipt (line by line, excluding voids)",,,,,,,,
53,OPERATIONAL FUNCTIONS,The CIS shall be able to manage the stock for countable items.,,,,,,,,
54,PROHIBITED FUNCTIONS,The CIS shall be able to print a copy sales from the existing normal receipt as specified in technical specification of CIS for VSDC,,,,,,,,
55,OPERATIONAL FUNCTIONS,"Label COPY, TRAINING, PROFORMA has to be placed on the ticket. Moreover, in such a case the following text after the tax calculation and at the bottom of the ticket to be printed: ""THIS IS NOT AN OFFICIAL RECEIPT”",,,,,,,,
56,OPERATIONAL FUNCTIONS,"The Refund receipt has always to be printed with a negative, (-) minus sign in front of each amount",,,,,,,,
57,NORMAL REFUND,The Refund receipt must have the reference to which normal receipt number it is made,,,,,,,,
58,VSDC Initialization API,"CIS must able to Consume ""Initialization API"" using parameters provided (Tin, Bhf_id and Device serial number) as described in RRA VSDC API technical specification document",,,,,,,,
59,VSDC codes API,"CIS must able to Consume  Codes api which contains all the codes to use for entire CIS integration, CIS should argonize all those codes based on their categories as described in RRA VSDC API technical specification document",,,,,,,,
60,VSDC codes API,"""item codes"" must be created automatically based on the choice made during creation of item/service as described in RRA VSDC API technical specification document",,,,,,,,
61,VSDC item Classification API /UNSPS Code,"CIS must consume Item class API/UNSPSC to use for  ""Item Classification code"" as described  in RRA VSDC API technical specification document",,,,,,,,
62,VSDC Customer API,CIS must consume Customer API as described  in RRA VSDC API technical specification document,,,,,,,,
63,VSDC SaveItem API,CIS must able to save all items/services to RRA as described  in RRA VSDC API technical specification document,,,,,,,,
64,VSDC Select Item API,CIS must able to select items/services from RRA as described  in RRA VSDC API technical specification document,,,,,,,,
65,VSDC Notice API,CIS must be able to receive notices from RRA Notice API as described  in RRA VSDC API technical specification document,,,,,,,,
66,VSDC Import Items API,CIS must able to receive importation details as described  in RRA VSDC API technical specification document,,,,,,,,
67,"VSDC Import Items API 
(validation on request date)","CIS must able to manage importation ""Request date"" by allowing only  above Date compared to previous request ",,,,,,,,
68,"VSDC  Imported Item
 status update API",CIS must able to update importations status once approved or rejected as described  in RRA VSDC API technical specification document,,,,,,,,
69,"VSDS Sales Transaction 
Save API",CIS must able to save sales transactions as described  in RRA VSDC API technical specification document,,,,,,,,
70,"VSDC Select Purchase-Sales 
Transaction API",CIS must be able to receive purchases as described  in RRA VSDC API technical specification document,   ,,,,,,,
71,VSDC Purchase-Transaction-Save API,CIS must be able to update purchases received as described  in RRA VSDC API technical specification document,,,,,,,,
72,VSDC  Stock In/Out-Save API,CIS must send stock IN and Stock OUT to RRA  for each item received or sold as described  in RRA VSDC API technical specification document,,,,,,,,
73,VSDC Save-StockMaster API,CIS must send the stock remains after receiving or selling  any item as described  in RRA VSDC API technical specification document,,,,,,,,
74,VSDC importation/purchase/stock,"Stock must be affected and sychronized at real time for  approved importations, received purchases and sales level",,,,,,,,
75,COMMUNICATION PROTOCOL,The CIS shall be able to display and handle errors received from VSDC,,,,,,,,
